external_id,subject,strand,topic,essential_question_type,variant_type,exam_type,year_level,difficulty,marks,time_limit_seconds,answer_format,question_text,option_a,option_b,option_c,option_d,option_e,option_asset_refs_json,option_explanations_json,correct_answer,worked_solution,stimulus_id,stimulus_title,stimulus_type,stimulus_text,stimulus_asset_refs,question_asset_refs,solution_asset_refs,input_method,display_mode,answer_validation_json,rubric_json,skill_tags,concept_tags,tags,source_name,source_paper,source_section,source_question_number,license_notes,asset_generation_prompt,asset_alt_text,asset_spec_json,asset_status,status,domain_code,subtopic_code,skill_code,pattern_key,question_family,stimulus_format,stimulus_genre,asset_render_method,writing_form,writing_purpose,writing_prompt_stimulus,asset_type,asset_required
ts-abstract-spatial-1-001,Thinking Skills,Abstract and Spatial Reasoning,Pattern recognition,,,Selective,6,2,1,60,single_choice,The grid is made from a small block of four shapes repeated over and over. One cell is covered by a question mark. Which shape belongs there?,,,,,,"{""A"":""asset://question-assets/generated/ts-abstract-spatial-1-001-a.svg"",""B"":""asset://question-assets/generated/ts-abstract-spatial-1-001-b.svg"",""C"":""asset://question-assets/generated/ts-abstract-spatial-1-001-c.svg"",""D"":""asset://question-assets/generated/ts-abstract-spatial-1-001-d.svg""}","{""A"":""A circle sits in the top-left of each block; the covered cell is in the top-right of its block."",""B"":""Correct — every 2×2 block is circle, square / triangle, diamond. The covered cell is the top-right of its block, which is always a square."",""C"":""A triangle is the bottom-left of each block, not the top-right."",""D"":""A diamond is the bottom-right of each block, not the top-right.""}",B,"The picture is a 2×2 block — circle and square on top, triangle and diamond below — repeated across the grid. A cell’s shape depends only on its position inside the block. The covered cell is in the top-right position of its block, which always holds a square.",,,,,,asset://question-assets/generated/ts-abstract-spatial-1-001-main.svg,,,,,,periodic-pattern,repeating-tile,"thinking-skills, abstract-reasoning, pattern",,,,,Original AI-generated content modelled on the style of NSW Selective practice papers; no text copied or paraphrased from any published material.,,"A 4 by 4 grid. Every 2 by 2 block repeats the same four shapes: a circle and a square on top, a triangle and a diamond below. One cell in the third row, second column is covered by a question mark.","{""type"":""matrix_pattern"",""rows"":4,""cols"":4,""cell_size"":60,""grid"":[[{""glyph"":{""shape"":""circle"",""scale"":0.55,""fill"":""none""}},{""glyph"":{""shape"":""square"",""scale"":0.55,""fill"":""none""}},{""glyph"":{""shape"":""circle"",""scale"":0.55,""fill"":""none""}},{""glyph"":{""shape"":""square"",""scale"":0.55,""fill"":""none""}}],[{""glyph"":{""shape"":""triangle"",""scale"":0.55,""fill"":""none""}},{""glyph"":{""shape"":""diamond"",""scale"":0.55,""fill"":""none""}},{""glyph"":{""shape"":""triangle"",""scale"":0.55,""fill"":""none""}},{""glyph"":{""shape"":""diamond"",""scale"":0.55,""fill"":""none""}}],[{""glyph"":{""shape"":""circle"",""scale"":0.55,""fill"":""none""}},{""question"":true},{""glyph"":{""shape"":""circle"",""scale"":0.55,""fill"":""none""}},{""glyph"":{""shape"":""square"",""scale"":0.55,""fill"":""none""}}],[{""glyph"":{""shape"":""triangle"",""scale"":0.55,""fill"":""none""}},{""glyph"":{""shape"":""diamond"",""scale"":0.55,""fill"":""none""}},{""glyph"":{""shape"":""triangle"",""scale"":0.55,""fill"":""none""}},{""glyph"":{""shape"":""diamond"",""scale"":0.55,""fill"":""none""}}]]}",generated,draft,abstract_spatial_reasoning,pattern_recognition,,,standard_multiple_choice,matrix,,deterministic_svg,,,,svg,
ts-abstract-spatial-1-002,Thinking Skills,Abstract and Spatial Reasoning,Pattern recognition,,,Selective,6,3,1,75,single_choice,Two rules run through this grid: one decides the shape and one decides the shading. Which figure belongs in the covered cell?,,,,,,"{""A"":""asset://question-assets/generated/ts-abstract-spatial-1-002-a.svg"",""B"":""asset://question-assets/generated/ts-abstract-spatial-1-002-b.svg"",""C"":""asset://question-assets/generated/ts-abstract-spatial-1-002-c.svg"",""D"":""asset://question-assets/generated/ts-abstract-spatial-1-002-d.svg""}","{""A"":""The shape is right (the third column is triangles) but the middle row is shaded, so it should be filled."",""B"":""The shading is right for the middle row, but the third column holds triangles, not squares."",""C"":""Wrong shape (circles are the first column) and wrong shading."",""D"":""Correct — the third column is triangles and the middle row is shaded, so the missing cell is a filled triangle.""}",D,"The shape is set by the column: circles, squares, then triangles. The shading is set by the row: the middle row is filled, the top and bottom rows are empty. The gap is in the third column and middle row, so it is a filled triangle.",,,,,,asset://question-assets/generated/ts-abstract-spatial-1-002-main.svg,,,,,,two-rule-pattern,shape-and-shading,"thinking-skills, abstract-reasoning, pattern",,,,,Original AI-generated content modelled on the style of NSW Selective practice papers; no text copied or paraphrased from any published material.,,"A 3 by 3 grid. Down each column the shape is fixed (circles, then squares, then triangles). Across each row the shading is fixed (top and bottom rows empty, middle row filled). The middle-row, third-column cell is covered.","{""type"":""matrix_pattern"",""rows"":3,""cols"":3,""cell_size"":74,""grid"":[[{""glyph"":{""shape"":""circle"",""scale"":0.62,""fill"":""none""}},{""glyph"":{""shape"":""square"",""scale"":0.62,""fill"":""none""}},{""glyph"":{""shape"":""triangle"",""scale"":0.62,""fill"":""none""}}],[{""glyph"":{""shape"":""circle"",""scale"":0.62,""fill"":""#1f2933""}},{""glyph"":{""shape"":""square"",""scale"":0.62,""fill"":""#1f2933""}},{""question"":true}],[{""glyph"":{""shape"":""circle"",""scale"":0.62,""fill"":""none""}},{""glyph"":{""shape"":""square"",""scale"":0.62,""fill"":""none""}},{""glyph"":{""shape"":""triangle"",""scale"":0.62,""fill"":""none""}}]]}",generated,draft,abstract_spatial_reasoning,pattern_recognition,,,standard_multiple_choice,matrix,,deterministic_svg,,,,svg,
ts-abstract-spatial-1-003,Thinking Skills,Abstract and Spatial Reasoning,Shape and symbol sequences,,,Selective,6,2,1,60,single_choice,The arrow turns the same amount each step. Which arrow comes next?,,,,,,"{""A"":""asset://question-assets/generated/ts-abstract-spatial-1-003-a.svg"",""B"":""asset://question-assets/generated/ts-abstract-spatial-1-003-b.svg"",""C"":""asset://question-assets/generated/ts-abstract-spatial-1-003-c.svg"",""D"":""asset://question-assets/generated/ts-abstract-spatial-1-003-d.svg""}","{""A"":""Correct — the arrow makes a quarter-turn clockwise each step: right, down, left, then up."",""B"":""Pointing right is where the arrow started; only a quarter-turn is added each step, not a full turn."",""C"":""Pointing down repeats the second arrow; the arrow keeps turning, it does not go back."",""D"":""Pointing left repeats the third arrow.""}",A,"The arrow makes a quarter-turn clockwise at each step: right, then down, then left. The next quarter-turn clockwise points the arrow up.",,,,,,asset://question-assets/generated/ts-abstract-spatial-1-003-main.svg,,,,,,rotation-sequence,quarter-turn,"thinking-skills, abstract-reasoning, sequence",,,,,Original AI-generated content modelled on the style of NSW Selective practice papers; no text copied or paraphrased from any published material.,,"A row of arrows: pointing right, then down, then left, then a question box.","{""type"":""abstract_shape_sequence"",""cell_size"":84,""cells"":[{""glyph"":{""shape"":""arrow"",""rotation"":0,""scale"":0.7}},{""glyph"":{""shape"":""arrow"",""rotation"":90,""scale"":0.7}},{""glyph"":{""shape"":""arrow"",""rotation"":180,""scale"":0.7}},{""question"":true}]}",generated,draft,abstract_spatial_reasoning,shape_and_symbol_sequences,,,standard_multiple_choice,visual_sequence,,deterministic_svg,,,,svg,
ts-abstract-spatial-1-004,Thinking Skills,Abstract and Spatial Reasoning,Shape and symbol sequences,,,Selective,6,3,1,75,single_choice,Two things change along this row: the outer shape and the number of dots inside it. Which figure comes next?,,,,,,"{""A"":""asset://question-assets/generated/ts-abstract-spatial-1-004-a.svg"",""B"":""asset://question-assets/generated/ts-abstract-spatial-1-004-b.svg"",""C"":""asset://question-assets/generated/ts-abstract-spatial-1-004-c.svg"",""D"":""asset://question-assets/generated/ts-abstract-spatial-1-004-d.svg""}","{""A"":""The dot count is right, but the shapes alternate square, circle, square, so the next shape is a circle."",""B"":""The shape is right, but the dots go up by one each time (1, 2, 3), so the next has 4 dots."",""C"":""Correct — the outer shape alternates to a circle and the dots increase by one to 4."",""D"":""The shape is right, but the dots increase by one each step, giving 4, not 5.""}",C,"Track two things. The outer shape alternates square, circle, square, so a circle is next. The dots increase by one each step: 1, 2, 3, then 4. The missing figure is a circle containing four dots.",,,,,,asset://question-assets/generated/ts-abstract-spatial-1-004-main.svg,,,,,,two-attribute-sequence,shape-alternation-count,"thinking-skills, abstract-reasoning, sequence",,,,,Original AI-generated content modelled on the style of NSW Selective practice papers; no text copied or paraphrased from any published material.,,"A row of figures: a square with 1 dot, a circle with 2 dots, a square with 3 dots, then a question box.","{""type"":""abstract_shape_sequence"",""cell_size"":84,""cells"":[{""glyphs"":[{""shape"":""square"",""scale"":0.95,""fill"":""none""},{""shape"":""dot"",""count"":1,""scale"":0.6}]},{""glyphs"":[{""shape"":""circle"",""scale"":0.95,""fill"":""none""},{""shape"":""dot"",""count"":2,""scale"":0.6}]},{""glyphs"":[{""shape"":""square"",""scale"":0.95,""fill"":""none""},{""shape"":""dot"",""count"":3,""scale"":0.6}]},{""question"":true}]}",generated,draft,abstract_spatial_reasoning,shape_and_symbol_sequences,,,standard_multiple_choice,visual_sequence,,deterministic_svg,,,,svg,
ts-abstract-spatial-1-005,Thinking Skills,Abstract and Spatial Reasoning,Shape and symbol sequences,,,Selective,6,4,1,90,single_choice,"Three things change at once: the shape, the shading and the size. Which figure comes next?",,,,,,"{""A"":""asset://question-assets/generated/ts-abstract-spatial-1-005-a.svg"",""B"":""asset://question-assets/generated/ts-abstract-spatial-1-005-b.svg"",""C"":""asset://question-assets/generated/ts-abstract-spatial-1-005-c.svg"",""D"":""asset://question-assets/generated/ts-abstract-spatial-1-005-d.svg""}","{""A"":""The shapes cycle circle, square, triangle, so after the fourth figure (a circle) the shape is a square, not a triangle."",""B"":""Correct — the shape cycles to square, the shading alternates back to empty, and the size alternates back to small."",""C"":""Shape and size are right, but the shading alternates empty, filled, empty… so this figure is empty, not filled."",""D"":""Shape and shading are right, but the size alternates small, large, small… so this figure is small, not large.""}",B,"Three rules act together. The shapes cycle circle → square → triangle. The shading alternates empty/filled. The size alternates small/large. The fifth figure is therefore a square (next in the cycle), empty (alternating back), and small (alternating back).",,,,,,asset://question-assets/generated/ts-abstract-spatial-1-005-main.svg,,,,,,three-attribute-sequence,interacting-rules,"thinking-skills, abstract-reasoning, sequence",,,,,Original AI-generated content modelled on the style of NSW Selective practice papers; no text copied or paraphrased from any published material.,,A row of five cells: small empty circle; large filled square; small empty triangle; large filled circle; then a question box.,"{""type"":""abstract_shape_sequence"",""cell_size"":84,""cells"":[{""glyph"":{""shape"":""circle"",""scale"":0.55,""fill"":""none""}},{""glyph"":{""shape"":""square"",""scale"":0.95,""fill"":""#1f2933""}},{""glyph"":{""shape"":""triangle"",""scale"":0.55,""fill"":""none""}},{""glyph"":{""shape"":""circle"",""scale"":0.95,""fill"":""#1f2933""}},{""question"":true}]}",generated,draft,abstract_spatial_reasoning,shape_and_symbol_sequences,,,standard_multiple_choice,visual_sequence,,deterministic_svg,,,,svg,
ts-abstract-spatial-1-006,Thinking Skills,Abstract and Spatial Reasoning,Codes and symbolic reasoning,,,Selective,6,2,1,60,single_choice,"Use the key to turn each shape in the message into its symbol, reading left to right. Which row of symbols is the message?",,,,,,"{""A"":""asset://question-assets/generated/ts-abstract-spatial-1-006-a.svg"",""B"":""asset://question-assets/generated/ts-abstract-spatial-1-006-b.svg"",""C"":""asset://question-assets/generated/ts-abstract-spatial-1-006-c.svg"",""D"":""asset://question-assets/generated/ts-abstract-spatial-1-006-d.svg""}","{""A"":""Correct — square→dot, triangle→plus, triangle→plus, circle→star, read left to right: dot, plus, plus, star."",""B"":""These are the right symbols but in reverse order; the message is read left to right."",""C"":""The first three are right, but a circle maps to a star, not a plus."",""D"":""A square maps to a dot, not a plus; only the two triangles in the middle are right.""}",A,"Apply the key to each shape in order. Square becomes a dot, each triangle becomes a plus, and the circle becomes a star. Read left to right, the message is dot, plus, plus, star.",,,,,,asset://question-assets/generated/ts-abstract-spatial-1-006-main.svg,,,,,,substitution-code,symbol-decode,"thinking-skills, abstract-reasoning, code",,,,,Original AI-generated content modelled on the style of NSW Selective practice papers; no text copied or paraphrased from any published material.,,"A key: circle maps to a star, triangle maps to a plus, square maps to a dot. Below it a message row shows four shapes in order: square, triangle, triangle, circle.","{""type"":""symbol_key"",""key"":[{""shape"":""circle"",""symbol"":""star""},{""shape"":""triangle"",""symbol"":""plus""},{""shape"":""square"",""symbol"":""dot""}],""message"":[""square"",""triangle"",""triangle"",""circle""]}",generated,draft,abstract_spatial_reasoning,codes_and_symbolic_reasoning,,,standard_multiple_choice,visual_sequence,,deterministic_svg,,,,svg,
ts-abstract-spatial-1-007,Thinking Skills,Abstract and Spatial Reasoning,Codes and symbolic reasoning,,,Selective,6,3,1,75,single_choice,"A code shifts every letter forward three places in the alphabet, so A becomes D, B becomes E, and near the end X becomes A, Y becomes B, Z becomes C. Using this code, the word **DOG** is written as **GRJ**. What ordinary word does the coded word **FDW** stand for?",CAR,BAT,FAT,CAT,,,"{""A"":""Shifting CAR forward three gives FDU, not FDW."",""B"":""BAT shifts to EDW, not FDW."",""C"":""FAT shifts to IDW, not FDW; here the F was left unchanged instead of being shifted back."",""D"":""Correct — shifting each code letter back three gives F→C, D→A, W→T, spelling CAT.""}",D,"The code shifts each letter forward three places, so to read it we shift each letter back three. F back three is C, D back three is A, and W back three is T. The word is CAT.",,,,,,,,,,,,shift-cipher,reverse-the-rule,"thinking-skills, code, letters",,,,,Original AI-generated content modelled on the style of NSW Selective practice papers; no text copied or paraphrased from any published material.,,,,,draft,abstract_spatial_reasoning,codes_and_symbolic_reasoning,,,standard_multiple_choice,none,,rich_text,,,,,
ts-abstract-spatial-1-008,Thinking Skills,Abstract and Spatial Reasoning,Codes and symbolic reasoning,,,Selective,6,3,1,75,single_choice,"Each letter is written as two numbers: its **row** followed by its **column** in the grid below (I and J share a cell).

|   | 1 | 2 | 3 | 4 | 5 |
|---|---|---|---|---|---|
| **1** | A | B | C | D | E |
| **2** | F | G | H | I/J | K |
| **3** | L | M | N | O | P |
| **4** | Q | R | S | T | U |
| **5** | V | W | X | Y | Z |

What is the code for the word **CAB**?","31, 11, 21","11, 12, 13","13, 11, 12","13, 12, 11",,,"{""A"":""This reads column-then-row; the code is row first, then column, so C is 13, not 31."",""B"":""These are the codes for A, B, C in alphabetical order, but the word is C-A-B, so the order is 13, 11, 12."",""C"":""Correct — C is row 1 column 3 (13), A is 11, B is 12; in the word’s order that is 13, 11, 12."",""D"":""The codes are right but B and A are swapped; the word spells C-A-B, giving 13, 11, 12.""}",C,"Find each letter and write its row then its column. C is row 1, column 3 (13); A is 11; B is 12. Keeping the order of the word C-A-B gives 13, 11, 12.",,,,,,,,,,,,coordinate-code,row-then-column,"thinking-skills, code, grid",,,,,Original AI-generated content modelled on the style of NSW Selective practice papers; no text copied or paraphrased from any published material.,,,,,draft,abstract_spatial_reasoning,codes_and_symbolic_reasoning,,,standard_multiple_choice,none,,rich_text,,,,,
ts-abstract-spatial-1-009,Thinking Skills,Abstract and Spatial Reasoning,Matrices and visual analogies,,,Selective,6,3,1,75,single_choice,In this grid each row fixes the shape and each column fixes the size. Which figure completes the bottom-right cell?,,,,,,"{""A"":""asset://question-assets/generated/ts-abstract-spatial-1-009-a.svg"",""B"":""asset://question-assets/generated/ts-abstract-spatial-1-009-b.svg"",""C"":""asset://question-assets/generated/ts-abstract-spatial-1-009-c.svg"",""D"":""asset://question-assets/generated/ts-abstract-spatial-1-009-d.svg""}","{""A"":""Correct — each row is one shape (bottom row triangles) and each column grows (third column is largest), so the cell is the largest triangle."",""B"":""Right shape, but the third column is the largest size, so it should be large."",""C"":""Right size, but the bottom row is triangles, not squares."",""D"":""Right size, but circles are the top row, not the bottom.""}",A,"The rows fix the shape — circles, then squares, then triangles. The columns fix the size — small, medium, then large. The missing bottom-right cell is a triangle at the largest size.",,,,,,asset://question-assets/generated/ts-abstract-spatial-1-009-main.svg,,,,,,matrix-two-rules,shape-by-row-size-by-column,"thinking-skills, abstract-reasoning, matrix",,,,,Original AI-generated content modelled on the style of NSW Selective practice papers; no text copied or paraphrased from any published material.,,"A 3 by 3 grid. Each row is one shape: circles, then squares, then triangles. Each column grows in size from small to medium to large. The bottom-right cell is covered.","{""type"":""matrix_pattern"",""rows"":3,""cols"":3,""cell_size"":78,""grid"":[[{""glyph"":{""shape"":""circle"",""scale"":0.5,""fill"":""none""}},{""glyph"":{""shape"":""circle"",""scale"":0.75,""fill"":""none""}},{""glyph"":{""shape"":""circle"",""scale"":1,""fill"":""none""}}],[{""glyph"":{""shape"":""square"",""scale"":0.5,""fill"":""none""}},{""glyph"":{""shape"":""square"",""scale"":0.75,""fill"":""none""}},{""glyph"":{""shape"":""square"",""scale"":1,""fill"":""none""}}],[{""glyph"":{""shape"":""triangle"",""scale"":0.5,""fill"":""none""}},{""glyph"":{""shape"":""triangle"",""scale"":0.75,""fill"":""none""}},{""question"":true}]]}",generated,draft,abstract_spatial_reasoning,matrices_and_visual_analogies,,,standard_multiple_choice,matrix,,deterministic_svg,,,,svg,
ts-abstract-spatial-1-010,Thinking Skills,Abstract and Spatial Reasoning,Matrices and visual analogies,,,Selective,6,2,1,60,single_choice,The top row shows how one shape changes into another. Apply the same change to the triangle. Which figure belongs in place of the question mark?,,,,,,"{""A"":""asset://question-assets/generated/ts-abstract-spatial-1-010-a.svg"",""B"":""asset://question-assets/generated/ts-abstract-spatial-1-010-b.svg"",""C"":""asset://question-assets/generated/ts-abstract-spatial-1-010-c.svg"",""D"":""asset://question-assets/generated/ts-abstract-spatial-1-010-d.svg""}","{""A"":""The rule doubles the shape, so one triangle is not enough."",""B"":""Correct — the example turns one square into two squares, so one triangle becomes two triangles."",""C"":""The doubling is right, but the shape should stay a triangle, not become a square."",""D"":""The rule makes a second copy of the shape; it does not add a dot inside.""}",B,"In the example, a single square becomes two squares side by side — the rule is ""make a second copy."" Applying it to the triangle gives two triangles.",,,,,,asset://question-assets/generated/ts-abstract-spatial-1-010-main.svg,,,,,,visual-analogy,duplicate-the-shape,"thinking-skills, abstract-reasoning, analogy",,,,,Original AI-generated content modelled on the style of NSW Selective practice papers; no text copied or paraphrased from any published material.,,An analogy. Top row: one square becomes two squares side by side. Bottom row: a triangle becomes a question box.,"{""type"":""shape_analogy"",""rows"":[{""from"":{""shape"":""square""},""to"":{""pair"":[{""shape"":""square""},{""shape"":""square""}]}},{""from"":{""shape"":""triangle""},""to"":{""question"":true}}]}",generated,draft,abstract_spatial_reasoning,matrices_and_visual_analogies,,,standard_multiple_choice,matrix,,deterministic_svg,,,,svg,
ts-abstract-spatial-1-011,Thinking Skills,Abstract and Spatial Reasoning,Matrices and visual analogies,,,Selective,6,4,1,90,single_choice,In each row the third figure is built from the first two. Work out the rule and choose the figure for the covered cell.,,,,,,"{""A"":""asset://question-assets/generated/ts-abstract-spatial-1-011-a.svg"",""B"":""asset://question-assets/generated/ts-abstract-spatial-1-011-b.svg"",""C"":""asset://question-assets/generated/ts-abstract-spatial-1-011-c.svg"",""D"":""asset://question-assets/generated/ts-abstract-spatial-1-011-d.svg""}","{""A"":""This swaps the shapes: the outer should come from the middle cell (a triangle) and the inner from the first cell (a square)."",""B"":""The outer triangle is right, but the inner shape comes from the first cell in the row (a square), not a circle."",""C"":""Correct — the third cell takes the middle cell’s shape (triangle) on the outside and the first cell’s shape (square) on the inside."",""D"":""The inner square is right, but the outer shape should be the middle cell’s triangle, not a circle.""}",C,"In each row the third figure is the middle shape drawn on the outside with the first shape placed inside it. The bottom row has a square then a triangle, so the answer is a triangle containing a square.",,,,,,asset://question-assets/generated/ts-abstract-spatial-1-011-main.svg,,,,,,combination-matrix,nest-first-in-second,"thinking-skills, abstract-reasoning, matrix",,,,,Original AI-generated content modelled on the style of NSW Selective practice papers; no text copied or paraphrased from any published material.,,"A 3 by 3 grid. Row 1: circle, square, then a square with a small circle inside. Row 2: triangle, circle, then a circle with a small triangle inside. Row 3: square, triangle, then a covered cell.","{""type"":""matrix_pattern"",""rows"":3,""cols"":3,""cell_size"":84,""grid"":[[{""glyph"":{""shape"":""circle"",""scale"":0.7,""fill"":""none""}},{""glyph"":{""shape"":""square"",""scale"":0.7,""fill"":""none""}},{""glyphs"":[{""shape"":""square"",""scale"":0.95,""fill"":""none""},{""shape"":""circle"",""scale"":0.4,""fill"":""none""}]}],[{""glyph"":{""shape"":""triangle"",""scale"":0.7,""fill"":""none""}},{""glyph"":{""shape"":""circle"",""scale"":0.7,""fill"":""none""}},{""glyphs"":[{""shape"":""circle"",""scale"":0.95,""fill"":""none""},{""shape"":""triangle"",""scale"":0.4,""fill"":""none""}]}],[{""glyph"":{""shape"":""square"",""scale"":0.7,""fill"":""none""}},{""glyph"":{""shape"":""triangle"",""scale"":0.7,""fill"":""none""}},{""question"":true}]]}",generated,draft,abstract_spatial_reasoning,matrices_and_visual_analogies,,,standard_multiple_choice,matrix,,deterministic_svg,,,,svg,
ts-abstract-spatial-1-012,Thinking Skills,Abstract and Spatial Reasoning,Odd one out and classification,,,Selective,6,2,1,60,single_choice,Three of these figures are the same as each other. Which one is the odd one out?,,,,,,"{""A"":""asset://question-assets/generated/ts-abstract-spatial-1-012-a.svg"",""B"":""asset://question-assets/generated/ts-abstract-spatial-1-012-b.svg"",""C"":""asset://question-assets/generated/ts-abstract-spatial-1-012-c.svg"",""D"":""asset://question-assets/generated/ts-abstract-spatial-1-012-d.svg""}","{""A"":""This square has its dot in the centre, matching two of the others."",""B"":""This square also has a centre dot."",""C"":""This square also has a centre dot."",""D"":""Correct — three squares have the dot in the centre; only this one has the dot in a corner, so it is the odd one out.""}",D,"Compare where the dot sits. Three squares have the dot in the middle; one has it in the top-left corner. The corner one does not match the group, so it is the odd one out.",,,,,,,,,,,,odd-one-out,position-of-mark,"thinking-skills, abstract-reasoning, classification",,,,,Original AI-generated content modelled on the style of NSW Selective practice papers; no text copied or paraphrased from any published material.,,"Four squares, each with a single dot. Three have the dot in the centre; one has it in a corner.",,generated,draft,abstract_spatial_reasoning,odd_one_out_and_classification,,,standard_multiple_choice,two_d_shape,,deterministic_svg,,,,svg,
ts-abstract-spatial-1-013,Thinking Skills,Abstract and Spatial Reasoning,Odd one out and classification,,,Selective,6,3,1,75,single_choice,Three of these L-shapes are the same shape simply turned to different angles. One is a mirror image of it. Which is the odd one out?,,,,,,"{""A"":""asset://question-assets/generated/ts-abstract-spatial-1-013-a.svg"",""B"":""asset://question-assets/generated/ts-abstract-spatial-1-013-b.svg"",""C"":""asset://question-assets/generated/ts-abstract-spatial-1-013-c.svg"",""D"":""asset://question-assets/generated/ts-abstract-spatial-1-013-d.svg""}","{""A"":""Correct — the other three are turns of the same L, but this one is a mirror image, which no amount of turning can produce."",""B"":""This is the L in its upright position — a rotation of the group."",""C"":""This is the L turned a quarter-turn — still a rotation of the group."",""D"":""This is the L turned three-quarters — still a rotation of the group.""}",A,"Three of the figures are the same L-shape turned to different angles. The odd one is a mirror image: its foot points the opposite way, and turning it can never match the others.",,,,,,,,,,,,odd-one-out,rotation-vs-reflection,"thinking-skills, spatial-reasoning, classification",,,,,Original AI-generated content modelled on the style of NSW Selective practice papers; no text copied or paraphrased from any published material.,,Four L-shaped blocks of four squares at different orientations; one is a mirror image of the other three.,,generated,draft,abstract_spatial_reasoning,odd_one_out_and_classification,,,standard_multiple_choice,two_d_shape,,deterministic_svg,,,,svg,
ts-abstract-spatial-1-014,Thinking Skills,Abstract and Spatial Reasoning,Rotation and reflection,,,Selective,6,3,1,75,single_choice,The L-shape on the left is turned a quarter-turn (90°) clockwise. Which option shows the result?,,,,,,"{""A"":""asset://question-assets/generated/ts-abstract-spatial-1-014-a.svg"",""B"":""asset://question-assets/generated/ts-abstract-spatial-1-014-b.svg"",""C"":""asset://question-assets/generated/ts-abstract-spatial-1-014-c.svg"",""D"":""asset://question-assets/generated/ts-abstract-spatial-1-014-d.svg""}","{""A"":""This is a quarter-turn the wrong way (anticlockwise)."",""B"":""Correct — this is the L turned a quarter-turn clockwise."",""C"":""This is a mirror image, not a turn; rotating never flips the shape’s handedness."",""D"":""This is a half-turn, not a quarter-turn.""}",B,"A quarter-turn clockwise turns the upright L onto its side. Option A is turned the wrong way, C is a mirror image (a flip, not a turn), and D is a half-turn. Only B is a quarter-turn clockwise.",,,,,,asset://question-assets/generated/ts-abstract-spatial-1-014-main.svg,,,,,,rotation,quarter-turn-clockwise,"thinking-skills, spatial-reasoning, rotation",,,,,Original AI-generated content modelled on the style of NSW Selective practice papers; no text copied or paraphrased from any published material.,,"An upright L-shaped block of four squares with the foot at the bottom right, to be turned a quarter-turn clockwise.","{""type"":""rotation"",""figure"":""l_tetromino"",""width"":170,""height"":180,""stimulus"":true,""rotation_hint"":""rotate 90° clockwise""}",generated,draft,abstract_spatial_reasoning,rotation_and_reflection,,,standard_multiple_choice,two_d_shape,,deterministic_svg,,,,svg,
ts-abstract-spatial-1-015,Thinking Skills,Abstract and Spatial Reasoning,Rotation and reflection,,,Selective,6,4,1,90,single_choice,The letter P is reflected in the vertical mirror line shown beside it. Which option shows the correct mirror image?,,,,,,"{""A"":""asset://question-assets/generated/ts-abstract-spatial-1-015-a.svg"",""B"":""asset://question-assets/generated/ts-abstract-spatial-1-015-b.svg"",""C"":""asset://question-assets/generated/ts-abstract-spatial-1-015-c.svg"",""D"":""asset://question-assets/generated/ts-abstract-spatial-1-015-d.svg""}","{""A"":""Turning the letter upside-down is a rotation, not a reflection; a mirror flips left-to-right without turning the letter over."",""B"":""This is the letter unchanged; a P looks different from its mirror image."",""C"":""This is flipped top-to-bottom; a vertical mirror flips left-to-right instead."",""D"":""Correct — a vertical mirror flips the letter left-to-right, so the bowl of the P moves to the other side while the letter stays upright.""}",D,"A vertical mirror flips a shape left-to-right but keeps top and bottom the same. The bowl of the P moves to the left and the letter stays upright. Option A turns it upside-down, C flips it top-to-bottom, and B leaves it unchanged; only D is the correct left-to-right mirror image.",,,,,,asset://question-assets/generated/ts-abstract-spatial-1-015-main.svg,,,,,,reflection,vertical-mirror,"thinking-skills, spatial-reasoning, reflection",,,,,Original AI-generated content modelled on the style of NSW Selective practice papers; no text copied or paraphrased from any published material.,,A block capital letter P beside a vertical dashed mirror line on its right.,"{""type"":""reflection"",""figure"":""block_letter_P"",""width"":180,""height"":175,""stimulus"":true,""mirror"":""vertical""}",generated,draft,abstract_spatial_reasoning,rotation_and_reflection,,,standard_multiple_choice,two_d_shape,,deterministic_svg,,,,svg,
ts-abstract-spatial-1-016,Thinking Skills,Abstract and Spatial Reasoning,Paper folding,,,Selective,6,3,1,75,single_choice,"A square sheet is folded bottom-up so the bottom half lies over the top half. A single hole is punched near the top-left of the folded sheet. When the sheet is unfolded, where are the holes?",,,,,,"{""A"":""asset://question-assets/generated/ts-abstract-spatial-1-016-a.svg"",""B"":""asset://question-assets/generated/ts-abstract-spatial-1-016-b.svg"",""C"":""asset://question-assets/generated/ts-abstract-spatial-1-016-c.svg"",""D"":""asset://question-assets/generated/ts-abstract-spatial-1-016-d.svg""}","{""A"":""Two holes side by side would happen if the fold were left-to-right; here the fold is bottom-to-top, so the holes are one above the other."",""B"":""A single hole forgets that the punch goes through both layers, making two holes when unfolded."",""C"":""Correct — the fold is bottom-to-top, so the crease is a horizontal line across the middle. The hole appears at the same left-right position on both halves, one above the line and one below it."",""D"":""The holes are mirrored top-to-bottom correctly, but on the wrong side — the punch was near the left, so the holes stay near the left.""}",C,"Folding bottom-to-top puts the crease along the horizontal middle line. A punch goes through both layers, so unfolding gives two holes at the same left-right position, one above the middle line and one the same distance below it. The punch was near the left, so both holes are near the left.",,,,,,asset://question-assets/generated/ts-abstract-spatial-1-016-main.svg,,,,,,paper-folding,reflect-across-crease,"thinking-skills, spatial-reasoning, folding",,,,,Original AI-generated content modelled on the style of NSW Selective practice papers; no text copied or paraphrased from any published material.,,A square sheet; then the sheet folded bottom-up into a wide half-height rectangle with a crease along the top edge; then the folded sheet with a hole punched near its top-left.,"{""type"":""paper_folding"",""fold"":""horizontal""}",generated,draft,abstract_spatial_reasoning,paper_folding,,,standard_multiple_choice,two_d_shape,,deterministic_svg,,,,svg,
ts-abstract-spatial-1-017,Thinking Skills,Abstract and Spatial Reasoning,2D spatial assembly,,,Selective,6,3,1,75,single_choice,"The target is a rectangle 3 squares wide and 2 squares tall. Which pair of pieces fits together exactly to fill it, with no gaps or overlaps?",,,,,,"{""A"":""asset://question-assets/generated/ts-abstract-spatial-1-017-a.svg"",""B"":""asset://question-assets/generated/ts-abstract-spatial-1-017-b.svg"",""C"":""asset://question-assets/generated/ts-abstract-spatial-1-017-c.svg"",""D"":""asset://question-assets/generated/ts-abstract-spatial-1-017-d.svg""}","{""A"":""Correct — the 2×2 square fills a 2×2 block and the 1×2 piece fills the remaining strip, exactly covering the rectangle (4 + 2 = 6 squares)."",""B"":""Two 2×2 squares cover 8 squares, but the rectangle holds only 6, so they cannot fit."",""C"":""These cover 6 squares in total, but the L-shaped piece cannot fill the straight strip left by the 3×1 piece, so a gap remains."",""D"":""The square and the single unit cover only 5 squares, one short of the 6 needed.""}",A,"The rectangle is 3 wide and 2 tall, so it holds 6 unit squares. The 2×2 square covers 4 of them, leaving a 1×2 strip that the 1×2 piece fills exactly. The other pairs cover the wrong number of squares or leave a gap the pieces cannot fill.",,,,,,asset://question-assets/generated/ts-abstract-spatial-1-017-main.svg,,,,,,tiling,area-and-fit,"thinking-skills, spatial-reasoning, assembly",,,,,Original AI-generated content modelled on the style of NSW Selective practice papers; no text copied or paraphrased from any published material.,,A dashed rectangle three squares wide and two squares tall to be filled by two pieces.,"{""type"":""spatial_assembly"",""stimulus"":true,""width"":200,""height"":140,""target"":{""rect"":[90,60]},""caption"":""Fill this 3×2 rectangle with two pieces""}",generated,draft,abstract_spatial_reasoning,two_d_spatial_assembly,,,standard_multiple_choice,two_d_shape,,deterministic_svg,,,,svg,
ts-abstract-spatial-1-018,Thinking Skills,Abstract and Spatial Reasoning,2D spatial assembly,,,Selective,6,4,1,90,single_choice,Which piece exactly fills the grey gap shown? Pieces may not be turned or flipped.,,,,,,"{""A"":""asset://question-assets/generated/ts-abstract-spatial-1-018-a.svg"",""B"":""asset://question-assets/generated/ts-abstract-spatial-1-018-b.svg"",""C"":""asset://question-assets/generated/ts-abstract-spatial-1-018-c.svg"",""D"":""asset://question-assets/generated/ts-abstract-spatial-1-018-d.svg""}","{""A"":""This piece is a straight line of three squares; the gap has a bend, so it does not match."",""B"":""Correct — this piece has the same L-shape in the same orientation as the gap, so it fills it exactly."",""C"":""This L-shape is flipped; since pieces may not be turned or flipped, it does not fit."",""D"":""This 2×2 square covers four squares, but the gap is an L of three squares, so it is too big and the wrong shape.""}",B,"The gap is an L of three squares — two along the top and one below the right-hand square. Only one piece has exactly this shape in this orientation. The straight piece has no bend, the mirrored L would need flipping (not allowed), and the square is too big.",,,,,,asset://question-assets/generated/ts-abstract-spatial-1-018-main.svg,,,,,,piece-fit,shape-and-orientation,"thinking-skills, spatial-reasoning, assembly",,,,,Original AI-generated content modelled on the style of NSW Selective practice papers; no text copied or paraphrased from any published material.,,A dashed L-shaped gap made of three squares: two along the top and one below the right-hand square.,"{""type"":""spatial_assembly"",""stimulus"":true,""width"":200,""height"":150,""target"":{""points"":[[70,40],[130,40],[130,100],[100,100],[100,70],[70,70]]},""caption"":""Which piece exactly fills this shape? (no turning or flipping)""}",generated,draft,abstract_spatial_reasoning,two_d_spatial_assembly,,,standard_multiple_choice,two_d_shape,,deterministic_svg,,,,svg,
ts-abstract-spatial-1-019,Thinking Skills,Abstract and Spatial Reasoning,3D views and nets,,,Selective,6,3,1,75,single_choice,Each option is a flat arrangement of six squares. Which one will NOT fold up to make a cube?,,,,,,"{""A"":""asset://question-assets/generated/ts-abstract-spatial-1-019-a.svg"",""B"":""asset://question-assets/generated/ts-abstract-spatial-1-019-b.svg"",""C"":""asset://question-assets/generated/ts-abstract-spatial-1-019-c.svg"",""D"":""asset://question-assets/generated/ts-abstract-spatial-1-019-d.svg""}","{""A"":""A valid net — folding the row of four into a band and closing the top and bottom makes a cube."",""B"":""This staircase net folds into a cube, each pair of squares wrapping around."",""C"":""Correct — this solid 2×3 block cannot fold into a cube; as it folds, faces land on top of each other. It is the one that does NOT fold."",""D"":""This cross-shaped net folds into a cube, the four middle squares forming the sides.""}",C,"A cube net must fold so all six squares become the six faces without overlapping. The solid 2×3 block cannot — folding it makes faces overlap. The other three are known cube nets (a row of four with two flaps, a staircase, and a cross).",,,,,,,,,,,,cube-nets,net-folds-to-solid,"thinking-skills, spatial-reasoning, nets",,,,,Original AI-generated content modelled on the style of NSW Selective practice papers; no text copied or paraphrased from any published material.,,"Four flat arrangements of six squares, three of which fold into a cube and one of which does not.",,generated,draft,abstract_spatial_reasoning,three_d_views_and_nets,,,standard_multiple_choice,net,,deterministic_svg,,,,svg,
ts-abstract-spatial-1-020,Thinking Skills,Abstract and Spatial Reasoning,3D views and nets,,,Selective,6,5,1,120,single_choice,"A solid is built from cubes. Looking straight down (top view) you see a straight row of three squares. Looking from the front you see stacks 2, 1 and 3 cubes tall from left to right. Which solid matches both views?",,,,,,"{""A"":""asset://question-assets/generated/ts-abstract-spatial-1-020-a.svg"",""B"":""asset://question-assets/generated/ts-abstract-spatial-1-020-b.svg"",""C"":""asset://question-assets/generated/ts-abstract-spatial-1-020-c.svg"",""D"":""asset://question-assets/generated/ts-abstract-spatial-1-020-d.svg""}","{""A"":""The stacks are 3, 1, 2 from left to right; the front view shows 2, 1, 3, so the tall stack is on the wrong end."",""B"":""This is a flat row of single cubes; the front view shows stacks of different heights, not all 1."",""C"":""The heights are right, but the stacks are not in a straight line, so the top view would be bent, not a straight row."",""D"":""Correct — a straight row of three stacks 2, 1 and 3 cubes tall matches both the top view and the front view.""}",D,"The top view is a straight row of three, so the three stacks sit in a line. The front view shows the stacks are 2, 1 and 3 cubes tall from left to right. Only the solid that is a straight row with heights 2, 1, 3 matches both views.",,,,,,asset://question-assets/generated/ts-abstract-spatial-1-020-main.svg,,,,,,3d-views,top-and-front-to-solid,"thinking-skills, spatial-reasoning, 3d-views",,,,,Original AI-generated content modelled on the style of NSW Selective practice papers; no text copied or paraphrased from any published material.,,"Reference views: the top view is a straight row of three unit squares; the front view shows three columns of squares that are 2, 1 and 3 squares tall from left to right.","{""type"":""isometric_3d_views"",""stimulus"":true,""top_view"":{""squares"":[[0,0],[1,0],[2,0]]},""front_view"":{""squares"":[[0,0],[0,1],[1,0],[2,0],[2,1],[2,2]]}}",generated,draft,abstract_spatial_reasoning,three_d_views_and_nets,,,standard_multiple_choice,three_d_shape,,deterministic_svg,,,,svg,
